<?xml version='1.0'?><metadata xml:lang='en'><Esri><CreaDate>20121128</CreaDate><CreaTime>09211700</CreaTime><ArcGISFormat>1.0</ArcGISFormat><SyncOnce>TRUE</SyncOnce><DataProperties><coordRef><csUnits>Decimal Degree</csUnits><geogcsn>WGS 84</geogcsn><peXml><wktVar>&lt;ProjectedCoordinateSystem&gt;&lt;WKT&gt;GEOGCS[&quot;WGS 84&quot;,DATUM[&quot;World Geodetic System 1984 [EPSG ID 6326]&quot;,SPHEROID[&quot;WGS 84 [EPSG ID 7030]&quot;,6378137.0,298.257223563]],PRIMEM[&quot;Greenwich&quot;,0.0],UNIT[&quot;Decimal Degree&quot;,0.01745329251994328]]&lt;/WKT&gt;&lt;XOrigin&gt;-80&lt;/XOrigin&gt;&lt;YOrigin&gt;43&lt;/YOrigin&gt;&lt;XYScale&gt;100000000&lt;/XYScale&gt;&lt;ZOrigin&gt;0&lt;/ZOrigin&gt;&lt;ZScale&gt;1&lt;/ZScale&gt;&lt;MOrigin&gt;0&lt;/MOrigin&gt;&lt;MScale&gt;1&lt;/MScale&gt;&lt;XYTolerance&gt;.00000002&lt;/XYTolerance&gt;&lt;ZTolerance&gt;0&lt;/ZTolerance&gt;&lt;MTolerance&gt;0&lt;/MTolerance&gt;&lt;HighPrecision&gt;&lt;/HighPrecision&gt;&lt;/ProjectedCoordinateSystem&gt;&lt;/peXml&gt;</wktVar></peXml></coordRef></DataProperties></Esri><idinfo><citation><citeinfo><title>Centreline Intersection</title><origin>none</origin></citeinfo></citation></idinfo><dataIdInfo><themeKeys><keyword>City of Toronto</keyword><keyword>intersections</keyword><keyword>flow</keyword><keyword>intersection elevation level</keyword></themeKeys><idPurp>Intersection dataset used by City Divisions to support City Services. Centreline Intersection with all Elevation Levels.</idPurp><idAbs>The dataset contains intersections as point features within the City of Toronto boundaries. Attributes: Elevation, Elevation Unit, Height Restriction, and Height Restriction Unit information are not available at this time.</idAbs><idCitation><resTitle>CITYGCS.CENTRELINE_INTERSECTION</resTitle></idCitation><resConst><Consts><useLimit>Source must be credited. Cannot be re-sold</useLimit></Consts></resConst><dataExt><geoEle><GeoBndBox><westBL>-79.65</westBL><eastBL>-79.11</eastBL><northBL>43.86</northBL><southBL>43.57</southBL></GeoBndBox></geoEle></dataExt></dataIdInfo><metainfo><D>99</D><langmeta>en</langmeta></metainfo><distinfo></distinfo><spdoinfo><ptvctinf><esriterm><efeatyp>Feature Class</efeatyp><efeageom>Point</efeageom></esriterm></ptvctinf></spdoinfo><mdContact><rpOrgName>Geospatial Competency Centre</rpOrgName><rpIndName>.</rpIndName><rpCntInfo><cntAddress><city>Toronto</city><delPoint>18 Dyas Rd,  3rd Floor</delPoint><eMailAdd>gcc@toronto.ca</eMailAdd><postCode>M3B 1V5</postCode><adminArea>ON</adminArea></cntAddress><cntPhone><voiceNum>416-392-2506</voiceNum><faxNum>416-397-4900</faxNum></cntPhone></rpCntInfo><rpPosName>.</rpPosName></mdContact><eainfo><detailed><enttyp><enttypt>Feature Class</enttypt><enttypl>CITYGCS.CENTRELINE_INTERSECTION</enttypl></enttyp><attr><attrlabl>INT_ID</attrlabl><attalias>INT_ID</attalias><attrtype>NUMBER</attrtype><attwidth>22</attwidth><attrdef>Unique id of the intersection</attrdef></attr><attr><attrlabl>ELEV_ID</attrlabl><attalias>ELEV_ID</attalias><attrtype>NUMBER</attrtype><attwidth>22</attwidth><attrdef>Unique id of the elevation</attrdef></attr><attr><attrlabl>INTERSEC5</attrlabl><attalias>INTERSEC5</attalias><attrtype>VARCHAR2</attrtype><attwidth>250</attwidth><attrdef>Intersection Description: two cross streets</attrdef></attr><attr><attrlabl>CLASSIFI6</attrlabl><attalias>CLASSIFI6</attalias><attrtype>VARCHAR2</attrtype><attwidth>5</attwidth><attrdef>Intersection classification</attrdef></attr><attr><attrlabl>CLASSIFI7</attrlabl><attalias>CLASSIFI7</attalias><attrtype>VARCHAR2</attrtype><attwidth>80</attwidth><attrdef>Intersection classification description</attrdef></attr><attr><attrlabl>NUM_ELEV</attrlabl><attalias>NUM_ELEV</attalias><attrtype>NUMBER</attrtype><attwidth>22</attwidth><attrdef>Number of different elevation in the intersection</attrdef></attr><attr><attrlabl>ELEVATIO9</attrlabl><attalias>ELEVATIO9</attalias><attrtype>NUMBER</attrtype><attwidth>22</attwidth><attrdef>Feature code of the elevation</attrdef></attr><attr><attrlabl>ELEVATIO10</attrlabl><attalias>ELEVATIO10</attalias><attrtype>VARCHAR2</attrtype><attwidth>80</attwidth><attrdef>Feature code description of the elevation</attrdef></attr><attr><attrlabl>ELEV_LEVEL</attrlabl><attalias>ELEV_LEVEL</attalias><attrtype>NUMBER</attrtype><attwidth>22</attwidth><attrdef>Elevation level number</attrdef></attr><attr><attrlabl>ELEVATION</attrlabl><attalias>ELEVATION</attalias><attrtype>NUMBER</attrtype><attwidth>22</attwidth><attrdef>Elevation height</attrdef></attr><attr><attrlabl>ELEVATIO13</attrlabl><attalias>ELEVATIO13</attalias><attrtype>VARCHAR2</attrtype><attwidth>6</attwidth><attrdef>Elevation measurement unit</attrdef></attr><attr><attrlabl>HEIGHT_R14</attrlabl><attalias>HEIGHT_R14</attalias><attrtype>NUMBER</attrtype><attwidth>22</attwidth><attrdef>Height restriction</attrdef></attr><attr><attrlabl>HEIGHT_R15</attrlabl><attalias>HEIGHT_R15</attalias><attrtype>VARCHAR2</attrtype><attwidth>6</attwidth><attrdef>Height restriction unit</attrdef></attr><attr><attrlabl>X</attrlabl><attalias>X</attalias><attrtype>NUMBER</attrtype><attwidth>22</attwidth><attrdef>Easting of address point, Projection is MTM  3 degree, metric, NAD 27</attrdef></attr><attr><attrlabl>Y</attrlabl><attalias>Y</attalias><attrtype>NUMBER</attrtype><attwidth>22</attwidth><attrdef>Northing of address point, Projection is MTM  3 degree, metric, NAD 27</attrdef></attr><attr><attrlabl>LONGITUDE</attrlabl><attalias>LONGITUDE</attalias><attrtype>NUMBER</attrtype><attwidth>22</attwidth><attrdef>Easting of address point, GCS Projection</attrdef></attr><attr><attrlabl>LATITUDE</attrlabl><attalias>LATITUDE</attalias><attrtype>NUMBER</attrtype><attwidth>22</attwidth><attrdef>Northing of address point, GCS Projection</attrdef></attr><attr><attrlabl>SHAPE</attrlabl><attalias>SHAPE</attalias><attrtype>SDO_GEOMETRY</attrtype><attwidth>64</attwidth><attrdef>Intersection spatial feature - GCS Projection</attrdef></attr><attr><attrlabl>OBJECTID</attrlabl><attalias>OBJECTID</attalias><attrtype>NUMBER</attrtype><attwidth>22</attwidth><attrdef>Unique identifier</attrdef></attr></detailed></eainfo></metadata>